customer,recency,frequency,monetary_value,R_Quartile,F_Quartile,M_Quartile,RFMClass
Aaron Bergman,141,3,887,4,4,4,444
Aaron Hawkins,-262,7,1744,1,2,3,123
Aaron Smayling,-186,7,3050,3,2,2,322
Adam Bellavance,-220,8,7756,2,2,1,221
Adam Hart,-240,10,3249,2,1,2,212
Adam Shillingsburg,-246,9,3256,1,1,2,112
Adrian Barton,-233,10,14474,2,1,1,211
Adrian Hane,-214,7,1734,2,2,3,223
Adrian Shami,-233,2,59,2,4,4,244
Aimee Bixby,-233,5,968,2,4,4,244
Alan Barnes,-249,8,1114,1,2,4,124
Alan Dominguez,-245,8,6107,1,2,1,121
Alan Haines,-219,4,1587,2,4,3,243
Alan Hwang,-268,9,4806,1,1,1,111
Alan Schoenberger,-252,5,4261,1,4,1,141
Alan Shonely,-82,7,585,4,2,4,424
Alejandro Ballentine,-108,9,914,3,1,4,314
Alejandro Grove,4,5,2584,4,4,2,442
Alejandro Savely,-255,6,3214,1,3,2,132
Aleksandra Gannaway,-156,4,368,3,4,4,344
Alex Avila,-90,5,5564,4,4,1,441
Alex Grayson,-266,5,662,1,4,4,144
Alex Russell,-163,4,1056,3,4,4,344
Alice McCarthy,-246,5,814,1,4,4,144
Allen Armold,-255,9,1057,1,1,4,114
Allen Goldenen,-160,5,201,3,4,4,344
Allen Rosenblatt,-149,5,2236,3,4,3,343
Alyssa Crouse,-42,3,926,4,4,4,444
Alyssa Tate,-253,6,1171,1,3,3,133
Amy Cox,-263,7,5528,1,2,1,121
Amy Hunt,-44,5,2496,4,4,2,442
Andrew Allen,-15,4,1791,4,4,3,443
Andrew Gjertsen,-196,8,2356,3,2,2,322
Andrew Roberts,-260,5,265,1,4,4,144
Andy Gerbode,571,4,1456,4,4,3,443
Andy Reiter,-268,6,6609,1,3,1,131
Andy Yotov,-260,4,497,1,4,4,144
Anemone Ratner,260,1,88,4,4,4,444
Angele Hood,-253,4,738,1,4,4,144
Ann Blume,-224,4,1515,2,4,3,243
Ann Chong,-268,5,2538,1,4,2,142
Ann Steele,-182,7,833,3,2,4,324
Anna Andreadi,-219,6,5087,2,3,1,231
Anna Chung,8,5,658,4,4,4,444
Anna Gayman,-177,7,3488,3,2,2,322
Anna H�berlin,136,12,7888,4,1,1,411
Anne McFarland,-112,8,5664,3,2,1,321
Anne Pryor,-233,8,1638,2,2,3,223
Annie Thurman,-261,10,3831,1,1,1,111
Annie Zypern,-114,6,1623,3,3,3,333
Anthony Garverick,-197,4,171,3,4,4,344
Anthony Jacobs,-199,7,4868,2,2,1,221
Anthony Johnson,-108,7,4502,3,2,1,321
Anthony O'Donnell,227,1,161,4,4,4,444
Anthony Rawles,-216,8,4523,2,2,1,221
Anthony Witt,-254,4,649,1,4,4,144
Arianne Irving,-261,10,4376,1,1,1,111
Art Ferguson,-233,7,2052,2,2,3,223
Art Foster,141,4,862,4,4,4,444
Arthur Gainer,-178,10,4511,3,1,1,311
Arthur Prichep,-176,10,3324,3,1,2,312
Arthur Wiediger,-228,7,2853,2,2,2,222
Ashley Jarboe,-189,7,1838,3,2,3,323
Astrea Jones,-200,3,629,2,4,4,244
Barbara Fisher,-183,7,600,3,2,4,324
Barry Blumstein,-169,5,744,3,4,4,344
Barry Franz,-235,4,1334,2,4,3,243
Barry Franz�sisch,-200,8,2889,2,2,2,222
Barry Gonzalez,-246,8,2799,1,2,2,122
Barry Pond,-191,5,983,3,4,4,344
Barry Weirich,-62,3,386,4,4,4,444
Bart Folk,-249,3,274,1,4,4,144
Bart Pistole,-257,12,2441,1,1,2,112
Bart Watters,-153,8,4751,3,2,1,321
Becky Castell,-72,9,2934,4,1,2,412
Becky Martin,33,4,11790,4,4,1,441
Becky Pak,-185,6,1698,3,3,3,333
Ben Ferrer,-258,11,5907,1,1,1,111
Ben Peterman,-273,9,3675,1,1,2,112
Ben Wallace,-71,6,1739,4,3,3,433
Benjamin Farhat,-209,4,1586,2,4,3,243
Benjamin Patterson,-235,5,1182,2,4,3,243
Benjamin Venier,60,5,1522,4,4,3,443
Berenike Kampe,-197,6,660,3,3,4,334
Beth Fritzler,-217,3,792,2,4,4,244
Beth Paige,-262,7,2474,1,2,2,122
Beth Thompson,62,5,2568,4,4,2,442
Bill Donatelli,-241,12,5719,2,1,1,211
Bill Eplett,-155,5,4205,3,4,1,341
Bill Overfelt,-137,5,2684,3,4,2,342
Bill Shonely,284,5,10502,4,4,1,441
Bill Stewart,-246,5,3888,1,4,1,141
Bill Tyler,28,6,2187,4,3,3,433
Bobby Elias,-176,5,2262,3,4,2,342
Bobby Odegard,-199,2,131,2,4,4,244
Bobby Trafton,286,4,604,4,4,4,444
Brad Eason,-20,6,1727,4,3,3,433
Brad Norvell,-250,4,266,1,4,4,144
Brad Thomas,385,2,415,4,4,4,444
Bradley Drucker,-239,6,4411,2,3,1,231
Bradley Nguyen,-265,5,1460,1,4,3,143
Bradley Talbott,-183,5,2685,3,4,2,342
Brenda Bowman,-246,9,6766,1,1,1,111
Brendan Dodson,4,2,321,4,4,4,444
Brendan Murry,-174,6,809,3,3,4,334
Brendan Sweed,-239,6,2454,2,3,2,232
Brian Dahlen,-177,7,3289,3,2,2,322
Brian DeCherney,-205,6,1539,2,3,3,233
Brian Derr,-265,3,583,1,4,4,144
Brian Moss,-241,11,7295,2,1,1,211
Brian Stugart,308,3,3288,4,4,2,442
Brian Thompson,-254,7,3196,1,2,2,122
Brooke Gillingham,-238,6,1873,2,3,3,233
Brosina Hoffman,-251,8,6255,1,2,1,121
Bruce Degenhardt,-181,6,1527,3,3,3,333
Bruce Geld,-217,6,1006,2,3,4,234
Bruce Stewart,-273,7,2563,1,2,2,122
Bryan Davis,53,6,658,4,3,4,434
Bryan Mills,-56,10,1339,4,1,3,413
Bryan Spruell,-9,2,950,4,4,4,444
Candace McMahon,-143,6,1674,3,3,3,333
Cari Sayre,-183,5,1279,3,4,3,343
Cari Schnelling,-112,6,537,3,3,4,334
Carl Jackson,91,1,17,4,4,4,444
Carl Ludwig,-168,4,1263,3,4,3,343
Carl Weiss,-252,6,1138,1,3,4,134
Carlos Daly,-234,5,2035,2,4,3,243
Carlos Meador,434,2,565,4,4,4,444
Carlos Soltero,-249,11,3038,1,1,2,112
Carol Adams,-178,6,3790,3,3,1,331
Carol Darley,-220,3,640,2,4,4,244
Carol Triggs,-178,8,3242,3,2,2,322
Caroline Jumper,-85,8,11166,4,2,1,421
Cassandra Brandow,-227,10,6076,2,1,1,211
Catherine Glotzbach,-225,6,905,2,3,4,234
Cathy Armstrong,127,5,1680,4,4,3,443
Cathy Hwang,417,3,1537,4,4,3,443
Cathy Prescott,-192,8,5402,3,2,1,321
Chad Cunningham,183,6,1771,4,3,3,433
Chad McGuire,-266,4,1662,1,4,3,143
Chad Sievert,215,4,885,4,4,4,444
Charles Crestani,-168,7,2472,3,2,2,322
Charles McCrossin,-248,6,2533,1,3,2,132
Charles Sheldon,-42,5,844,4,4,4,444
Charlotte Melton,-266,6,1475,1,3,3,133
Chloris Kastensmidt,-235,13,3157,2,1,2,212
Chris Cortes,-254,12,3913,1,1,1,111
Chris McAfee,111,5,2307,4,4,2,442
Chris Selesnick,-248,12,2754,1,1,2,112
Christina Anderson,-218,9,2648,2,1,2,212
Christina DeMoss,-232,2,1206,2,4,3,243
Christina VanderZanden,-20,5,2830,4,4,2,442
Christine Abelman,-261,4,1422,1,4,3,143
Christine Kargatis,-154,5,2946,3,4,2,342
Christine Phan,-114,8,5889,3,2,1,321
Christine Sundaresam,-268,11,3202,1,1,2,112
Christopher Conant,-231,5,12129,2,4,1,241
Christopher Martinez,-237,4,8953,2,4,1,241
Christopher Schild,-272,9,3651,1,1,2,112
Christy Brittain,-248,8,1950,1,2,3,123
Chuck Clark,-274,10,2870,1,1,2,112
Chuck Magee,162,3,288,4,4,4,444
Chuck Sachs,-247,2,551,1,4,4,144
Cindy Chapman,-235,9,1660,2,1,3,213
Cindy Schnelling,150,4,1077,4,4,4,444
Cindy Stewart,-216,6,5691,2,3,1,231
Claire Gute,64,3,1149,4,4,3,443
Claudia Bergmann,-77,8,4246,4,2,1,421
Clay Cheatham,-247,3,113,1,4,4,144
Clay Ludtke,10,12,10879,4,1,1,411
Clay Rozendal,-217,4,2149,2,4,3,243
Clytie Kelty,-231,11,2373,2,1,2,212
Corey Catlett,-240,7,2541,2,2,2,222
Corey Roper,196,3,476,4,4,4,444
Corey-Lock,275,5,1300,4,4,3,443
Corinna Mitchell,-247,6,6339,1,3,1,131
Craig Carreira,-245,7,2270,1,2,2,122
Craig Carroll,525,4,2854,4,4,2,442
Craig Leslie,-169,5,2353,3,4,2,342
Craig Molinari,761,4,3985,4,4,1,441
Craig Reiter,-196,4,1600,3,4,3,343
Craig Yedwab,-214,8,2900,2,2,2,222
Cyma Kinney,-192,9,1581,3,1,3,313
Cynthia Arntzen,-154,7,3041,3,2,2,322
Cynthia Delaney,125,5,1859,4,4,3,443
Cynthia Voltz,-269,9,2370,1,1,2,112
Cyra Reiten,-189,3,1398,3,4,3,343
Damala Kotsonis,-253,12,3256,1,1,2,112
Dan Campbell,-237,9,3335,2,1,2,212
Dan Lawera,-174,8,1503,3,2,3,323
Dan Reichenbach,-271,9,6528,1,1,1,111
Dana Kaydos,-229,5,4282,2,4,1,241
Daniel Byrd,-253,8,2172,1,2,3,123
Daniel Lacy,-217,6,3273,2,3,2,232
Daniel Raglin,-224,8,8351,2,2,1,221
Dario Medina,-160,7,1322,3,2,3,323
Darren Budd,-33,5,2840,4,4,2,442
Darren Koutras,-267,5,1687,1,4,3,143
Darren Powers,-148,9,1052,3,1,4,314
Darrin Martin,-217,7,6346,2,2,1,221
Darrin Sayre,-181,4,1762,3,4,3,343
Darrin Van Huff,-255,5,1121,1,4,4,144
Dave Brooks,-258,7,4532,1,2,1,121
Dave Hallsten,3,6,4934,4,3,1,431
Dave Kipp,-232,7,2652,2,2,2,222
Dave Poirier,-268,8,2215,1,2,3,123
David Bremer,-226,7,2974,2,2,2,222
David Flashing,426,3,2391,4,4,2,442
David Kendrick,-264,2,798,1,4,4,144
David Philippe,538,2,1059,4,4,4,444
David Smith,-251,9,2881,1,1,2,112
David Wiener,-205,6,1080,2,3,4,234
Dean Braden,-265,10,2333,1,1,2,112
Dean Katz,-264,9,4801,1,1,1,111
Dean percer,-190,11,7199,3,1,1,311
Deanra Eno,445,5,2550,4,4,2,442
Deborah Brumfield,-221,8,4656,2,2,1,221
Debra Catini,-251,5,1174,1,4,3,143
Deirdre Greer,-242,5,3195,2,4,2,242
Delfina Latchford,-252,8,1459,1,2,3,123
Denise Leinenbach,-217,4,584,2,4,4,244
Denise Monton,-252,8,4075,1,2,1,121
Dennis Bolton,-10,5,1081,4,4,4,444
Dennis Kane,-255,8,3317,1,2,2,122
Dennis Pardue,84,9,5482,4,1,1,411
Denny Blanton,-87,4,1711,4,4,3,443
Denny Joy,363,4,2012,4,4,3,443
Denny Ordway,-141,9,1299,3,1,3,313
Dianna Arnett,78,4,158,4,4,4,444
Dianna Vittorini,-245,6,3342,1,3,2,132
Dianna Wilson,-57,5,5272,4,4,1,441
Dionis Lloyd,-198,8,3540,3,2,2,322
Don Jones,-226,8,2502,2,2,2,222
Don Miller,207,3,1377,4,4,3,443
Don Weiss,-176,5,343,3,4,4,344
Dorothy Badders,-167,7,3908,3,2,1,321
Dorothy Dickinson,-233,6,269,2,3,4,234
Dorothy Wardle,-32,7,1205,4,2,3,423
Dorris liebe,-155,5,756,3,4,4,344
Doug Bickford,-241,7,1988,2,2,3,223
Doug Jacobs,-262,3,3357,1,4,2,142
Doug O'Connell,-248,7,1268,1,2,3,123
Duane Benoit,-262,7,1156,1,2,3,123
Duane Huffman,502,4,1043,4,4,4,444
Duane Noonan,-57,7,2139,4,2,3,423
Ed Braxton,-226,9,3645,2,1,2,212
Ed Jacobs,28,4,2163,4,4,3,443
Ed Ludwig,-197,2,125,3,4,4,344
Edward Becker,-239,10,3236,2,1,2,212
Edward Hooks,-139,12,10311,3,1,1,311
Edward Nazzal,13,4,2200,4,4,3,443
Eileen Kiefer,-230,4,1302,2,4,3,243
Eleni McCrary,-142,5,2567,3,4,2,342
Elizabeth Moffitt,-219,8,2340,2,2,2,222
Ellis Ballard,-184,5,4359,3,4,1,341
Elpida Rittenbach,147,3,1246,4,4,3,443
Emily Burns,-174,10,2768,3,1,2,312
Emily Ducich,-139,8,3486,3,2,2,322
Emily Grady,-252,5,1832,1,4,3,143
Emily Phan,-262,17,5479,1,1,1,111
Eric Barreto,-113,5,944,3,4,4,344
Eric Hoffmann,-57,8,684,4,2,4,424
Eric Murdock,-123,5,934,3,4,4,344
Erica Bern,-274,4,1644,1,4,3,143
Erica Hackney,131,6,826,4,3,4,434
Erica Hernandez,-272,7,1220,1,2,3,123
Erica Smith,-234,5,3511,2,4,2,242
Erin Ashbrook,-122,13,2847,3,1,2,312
Erin Creighton,-221,5,462,2,4,4,244
Erin Mull,-227,4,229,2,4,4,244
Erin Smith,-246,9,4659,1,1,1,111
Eudokia Martin,-161,4,1040,3,4,4,344
Eugene Barchas,-161,6,3072,3,3,2,332
Eugene Hildebrand,-122,10,3083,3,1,2,312
Eugene Moren,-226,6,4589,2,3,1,231
Eva Jacobs,-217,5,2657,2,4,2,242
Evan Bailliet,-192,6,1187,3,3,3,333
Evan Henry,-169,6,924,3,3,4,334
Evan Minnotte,-116,3,367,3,4,4,344
Filia McAdams,-267,10,2456,1,1,2,112
Frank Atkinson,-177,7,2983,3,2,2,322
Frank Carlisle,-204,7,3419,2,2,2,222
Frank Gastineau,-240,7,1383,2,2,3,223
Frank Hawley,-237,10,4256,2,1,1,211
Frank Merwin,-238,9,3737,2,1,2,212
Frank Olsen,-236,10,2680,2,1,2,212
Frank Preis,-251,8,4047,1,2,1,121
Fred Chung,-90,7,3889,4,2,1,421
Fred Harton,-62,4,2271,4,4,2,442
Fred Hopkins,-269,8,6987,1,2,1,121
Fred McMath,-129,9,2523,3,1,2,312
Fred Wasserman,88,3,81,4,4,4,444
Gary Hansen,-199,9,2819,2,1,2,212
Gary Hwang,-224,4,4174,2,4,1,241
Gary McGarr,-191,7,3584,3,2,2,322
Gary Mitchum,-258,6,3078,1,3,2,132
Gary Zandusky,-267,9,4354,1,1,1,111
Gene Hale,113,2,1361,4,4,3,443
Gene McClure,-168,10,1255,3,1,3,313
George Ashbrook,-125,8,3921,3,2,1,321
George Bell,-212,11,1570,2,1,3,213
George Zrebassa,-117,4,2454,3,4,2,342
Georgia Rosenberg,862,2,1284,4,4,3,443
Giulietta Baptist,-261,5,4716,1,4,1,141
Giulietta Dortch,-269,4,1888,1,4,3,143
Giulietta Weimer,-246,7,2190,1,2,3,123
Grace Kelly,-162,9,6499,3,1,1,311
Grant Thornton,-218,3,9350,2,4,1,241
Greg Guthrie,-231,9,2223,2,1,3,213
Greg Hansen,-272,2,147,1,4,4,144
Greg Matthias,-122,6,3164,3,3,2,332
Greg Maxwell,-157,3,6050,3,4,1,341
Greg Tran,-238,11,11820,2,1,1,211
Guy Armstrong,-269,11,1398,1,1,3,113
Guy Phonely,491,2,237,4,4,4,444
Guy Thornton,-240,4,227,2,4,4,244
Hallie Redmond,-261,5,1299,1,4,3,143
Harold Dahlen,495,3,251,4,4,4,444
Harold Engle,-262,4,884,1,4,4,144
Harold Pawlan,-244,7,1990,1,2,3,123
Harold Ryan,-115,7,5249,3,2,1,321
Harry Greene,-220,5,785,2,4,4,244
Harry Marie,-272,10,8237,1,1,1,111
Heather Jas,-148,5,359,3,4,4,344
Heather Kirkland,-123,8,4878,3,2,1,321
Helen Abelman,-205,7,2163,2,2,3,223
Helen Andreada,-254,8,2583,1,2,2,122
Helen Wasserman,-157,8,9299,3,2,1,321
Henia Zydlo,-239,5,886,2,4,4,244
Henry Goldwyn,-251,12,3249,1,1,2,112
Henry MacAllister,-27,4,737,4,4,4,444
Herbert Flentye,-253,7,2533,1,2,2,122
Hilary Holden,-202,2,218,2,4,4,244
Hunter Glantz,-268,7,3690,1,2,2,122
Hunter Lopez,-231,6,12874,2,3,1,231
Ionia McGrath,135,3,2872,4,4,2,442
Irene Maddox,116,7,4931,4,2,1,421
Ivan Gibson,-203,4,744,2,4,4,244
Ivan Liston,-132,7,5040,3,2,1,321
Jack Garza,484,3,2358,4,4,2,442
Jack Lebron,-266,6,1215,1,3,3,133
Jack O'Briant,-217,9,3256,2,1,2,212
James Galang,-273,11,6367,1,1,1,111
James Lanier,-268,5,1572,1,4,3,143
Jamie Frazer,-209,7,2279,2,2,2,222
Jamie Kunitz,-213,5,4427,2,4,1,241
Jane Waco,-232,6,7722,2,3,1,231
Janet Lee,-155,5,2203,3,4,3,343
Janet Martin,-237,6,3159,2,3,2,232
Janet Molinari,-237,5,1804,2,4,3,243
Jas O'Carroll,-182,6,1935,3,3,3,333
Jason Fortune-,-49,5,955,4,4,4,444
Jason Gross,-272,6,2241,1,3,3,133
Jason Klamczynski,13,3,384,4,4,4,444
Jasper Cacioppo,-160,4,72,3,4,4,344
Jay Fein,-169,6,1913,3,3,3,333
Jay Kimmel,-230,8,2710,2,2,2,222
Jenna Caffey,-99,1,1058,3,4,4,344
Jennifer Braxton,-267,10,1792,1,1,3,113
Jennifer Ferguson,-272,6,2372,1,3,2,132
Jennifer Halladay,-269,4,310,1,4,4,144
Jennifer Jackson,209,5,710,4,4,4,444
Jennifer Patt,-237,7,1669,2,2,3,223
Jeremy Ellison,-81,6,1388,4,3,3,433
Jeremy Farry,-153,11,1082,3,1,4,314
Jeremy Lonsdale,-225,6,3173,2,3,2,232
Jeremy Pistek,-266,7,3636,1,2,2,122
Jessica Myrick,-172,7,1733,3,2,3,323
Jesus Ocampo,-59,5,1091,4,4,4,444
Jill Fjeld,-220,8,4198,2,2,1,221
Jill Matthias,-274,5,304,1,4,4,144
Jill Stevenson,-155,4,1418,3,4,3,343
Jim Epp,-226,7,7755,2,2,1,221
Jim Karlsson,-213,7,3761,2,2,2,222
Jim Kriz,-94,9,4762,3,1,1,311
Jim Mitchum,-266,5,865,1,4,4,144
Jim Radford,319,2,1157,4,4,3,443
Jim Sink,-232,4,1131,2,4,4,244
Jocasta Rupert,-206,1,864,2,4,4,244
Joe Elijah,-228,10,8698,2,1,1,211
Joe Kamberova,-190,10,4866,3,1,1,311
Joel Eaton,-223,13,6761,2,1,1,211
Joel Jenkins,479,2,195,4,4,4,444
John Castell,-116,9,2773,3,1,2,312
John Dryer,-157,5,2153,3,4,3,343
John Grady,-51,6,1507,4,3,3,433
John Huston,-100,6,529,3,3,4,334
John Lee,-253,11,9801,1,1,1,111
John Lucas,340,6,2725,4,3,2,432
John Murray,-165,7,7624,3,2,1,321
John Stevenson,260,5,3868,4,4,1,441
Jonathan Doherty,120,11,7610,4,1,1,411
Jonathan Howell,-233,7,959,2,2,4,224
Joni Blumstein,463,3,900,4,4,4,444
Joni Sundaresam,189,5,470,4,4,4,444
Joni Wasserman,-269,7,1243,1,2,3,123
Joseph Airdo,-182,8,6492,3,2,1,321
Joseph Holt,-245,6,7955,1,3,1,131
Joy Bell-,-231,7,644,2,2,4,224
Joy Daniels,-162,6,386,3,3,4,334
Joy Smith,-246,6,2517,1,3,2,132
Julia Barnett,-267,5,2518,1,4,2,142
Julia Dunbar,26,3,696,4,4,4,444
Julia West,187,4,1429,4,4,3,443
Juliana Krohn,-246,3,3748,1,4,2,142
Julie Creighton,-217,5,858,2,4,4,244
Julie Kriz,-157,10,2934,3,1,2,312
Julie Prescott,-172,9,1707,3,1,3,313
Justin Deggeller,-233,8,8828,2,2,1,221
Justin Ellison,-254,3,2698,1,4,2,142
Justin Hirsh,130,4,2257,4,4,3,443
Justin MacKendrick,-217,10,2834,2,1,2,212
Justin Ritter,-241,5,2202,2,4,3,243
Kalyca Meade,-260,6,2260,1,3,2,132
Karen Bern,-270,7,3153,1,2,2,122
Karen Carlisle,133,6,2121,4,3,3,433
Karen Daniels,210,5,8282,4,4,1,441
Karen Ferguson,-177,7,10605,3,2,1,321
Karen Seio,21,3,89,4,4,4,444
Karl Braun,22,9,1570,4,1,3,413
Katharine Harms,-234,8,3313,2,2,2,222
Katherine Ducich,-233,6,1889,2,3,3,233
Katherine Hughes,-273,6,3101,1,3,2,132
Katherine Murray,-218,8,5620,2,2,1,221
Katherine Nockton,-255,9,2618,1,1,2,112
Katrina Bavinger,-157,3,909,3,4,4,344
Katrina Edelman,-248,8,1686,1,2,3,123
Katrina Willman,-178,5,4417,3,4,1,341
Kean Nguyen,-222,5,2172,2,4,3,243
Kean Takahito,117,7,3059,4,2,2,422
Kean Thornton,-174,10,4643,3,1,1,311
Keith Dawkins,-162,12,8182,3,1,1,311
Keith Herrera,-252,7,5953,1,2,1,121
Kelly Andreada,-238,7,1520,2,2,3,223
Kelly Collister,-177,4,3908,3,4,1,341
Kelly Lampkin,-258,8,5016,1,2,1,121
Kelly Williams,497,4,449,4,4,4,444
Ken Black,-44,12,2746,4,1,2,412
Ken Brennan,-273,7,984,1,2,4,124
Ken Dana,15,5,2244,4,4,3,443
Ken Heidel,-216,9,3919,2,1,1,211
Ken Lonsdale,-227,12,14174,2,1,1,211
Khloe Miller,-259,5,454,1,4,4,144
Kimberly Carter,-217,4,1145,2,4,4,244
Kristen Hastings,-272,7,5991,1,2,1,121
Kristina Nunn,-176,8,2281,3,2,2,322
Kunst Miller,-246,8,4909,1,2,1,121
Larry Blacks,-226,3,50,2,4,4,244
Larry Hughes,-123,3,288,3,4,4,344
Larry Tron,-248,3,330,1,4,4,144
Laura Armstrong,-120,11,8675,3,1,1,311
Laurel Beltran,-122,8,4987,3,2,1,321
Laurel Elliston,-253,6,1469,1,3,3,133
Laurel Workman,-186,5,2238,3,4,3,343
Lauren Leatherbury,-25,6,2741,4,3,2,432
Lela Donovan,278,1,5,4,4,4,444
Lena Cacioppo,-247,8,2580,1,2,2,122
Lena Creighton,-258,12,7661,1,1,1,111
Lena Hernandez,-253,9,2296,1,1,2,112
Lena Radford,-248,6,5142,1,3,1,131
Linda Cazamias,-233,8,4492,2,2,1,221
Linda Southworth,-96,6,2845,3,3,2,332
Lindsay Castell,162,4,3247,4,4,2,442
Lindsay Shagiari,-254,9,2988,1,1,2,112
Lindsay Williams,-241,6,3231,2,3,2,232
Lisa DeCherney,140,4,1962,4,4,3,443
Lisa Hazard,-35,4,318,4,4,4,444
Lisa Ryan,-142,5,1879,3,4,3,343
Liz Carlisle,-220,5,2095,2,4,3,243
Liz MacKendrick,117,5,1347,4,4,3,443
Liz Pelletier,-234,4,757,2,4,4,244
Liz Preis,-265,7,3654,1,2,2,122
Liz Thompson,-240,8,2936,2,2,2,222
Liz Willingham,-69,3,1259,4,4,3,443
Logan Currie,-261,9,2632,1,1,2,112
Logan Haushalter,111,9,1740,4,1,3,413
Lori Olson,-272,5,644,1,4,4,144
Luke Foster,-252,7,3931,1,2,1,121
Luke Schmidt,-178,6,1010,3,3,4,334
Luke Weiss,-253,7,5420,1,2,1,121
Lycoris Saunders,503,3,368,4,4,4,444
Lynn Smith,-240,6,1007,2,3,4,234
Magdelene Morse,-106,4,1315,3,4,3,343
Marc Crier,-198,8,2727,3,2,2,322
Marc Harrigan,-155,6,2394,3,3,2,332
Maria Bertelson,-226,10,1548,2,1,3,213
Maria Etezadi,-232,10,10663,2,1,1,211
Maria Zettner,-244,4,594,1,4,4,144
Maribeth Dona,-157,7,3766,3,2,2,322
Maribeth Schnelling,-1,10,7443,4,1,1,411
Maribeth Yedwab,-245,7,2254,1,2,3,123
Marina Lichtenstein,-205,9,2723,2,1,2,212
Maris LaWare,-220,6,2922,2,3,2,232
Mark Cousins,125,5,4432,4,4,1,441
Mark Haberlin,102,4,401,4,4,4,444
Mark Hamilton,-189,8,2456,3,2,2,322
Mark Packer,445,7,3206,4,2,2,422
Mark Van Huff,-247,9,1562,1,1,3,113
Mary O'Rourke,-202,4,922,2,4,4,244
Mary Zewe,8,6,2565,4,3,2,432
MaryBeth Skach,160,4,475,4,4,4,444
Mathew Reese,-149,4,640,3,4,4,344
Matt Abelman,-210,11,4300,2,1,1,211
Matt Collins,-247,8,1304,1,2,3,123
Matt Collister,-223,6,2426,2,3,2,232
Matt Connell,-162,8,2258,3,2,2,322
Matt Hagelstein,-119,4,1253,3,4,3,343
Matthew Clasen,-85,4,795,4,4,4,444
Matthew Grinstein,-245,7,3784,1,2,2,122
Maureen Fritzler,147,5,936,4,4,4,444
Maureen Gastineau,-182,4,2350,3,4,2,342
Maureen Gnade,281,3,1343,4,4,3,443
Maurice Satty,139,6,1613,4,3,3,433
Max Engle,-246,8,1909,1,2,3,123
Max Jones,-252,7,6321,1,2,1,121
Max Ludwig,-245,7,2072,1,2,3,123
Maxwell Schwartz,-153,9,3145,3,1,2,312
Maya Herman,-176,7,2203,3,2,3,323
Meg O'Connel,-170,8,1686,3,2,3,323
Meg Tillman,-225,6,2889,2,3,2,232
Melanie Seite,178,4,371,4,4,4,444
Michael Chen,-273,7,3807,1,2,1,121
Michael Dominguez,-238,5,1205,2,4,3,243
Michael Grace,-158,5,1241,3,4,3,343
Michael Granlund,-175,9,777,3,1,4,314
Michael Kennedy,-246,8,2302,1,2,2,122
Michael Moore,-267,11,3794,1,1,1,111
Michael Nguyen,-240,6,2477,2,3,2,232
Michael Oakman,-94,2,154,3,4,4,344
Michael Paige,-202,9,3983,2,1,1,211
Michael Stewart,-248,6,855,1,3,4,134
Michelle Arnett,-88,6,2453,4,3,2,432
Michelle Ellison,-182,4,1257,3,4,3,343
Michelle Huthwaite,-225,5,2986,2,4,2,242
Michelle Lonsdale,-195,3,742,3,4,4,344
Michelle Moray,-213,8,2750,2,2,2,222
Michelle Tran,-71,4,1320,4,4,3,443
Mick Brown,-230,7,1429,2,2,3,223
Mick Crebagga,-233,10,2220,2,1,3,213
Mick Hernandez,-269,9,5503,1,1,1,111
Mike Caudle,95,5,1582,4,4,3,443
Mike Gockenbach,-190,4,3062,3,4,2,342
Mike Kennedy,-34,4,1032,4,4,4,444
Mike Pelletier,-258,9,5089,1,1,1,111
Mike Vittorini,-255,7,1735,1,2,3,123
Mitch Gastineau,-10,1,17,4,4,4,444
Mitch Webber,-257,7,5341,1,2,1,121
Mitch Willingham,-230,2,5254,2,4,1,241
Monica Federle,-267,5,1758,1,4,3,143
Muhammed Lee,-174,2,162,3,4,4,344
Muhammed MacIntyre,-189,9,775,3,1,4,314
Muhammed Yedwab,-203,11,4154,2,1,1,211
Nancy Lomonaco,-216,4,1419,2,4,3,243
Naresj Patel,-249,6,5530,1,3,1,131
Nat Carroll,-50,5,2462,4,4,2,442
Nat Gilpin,-226,5,1871,2,4,3,243
Natalie DeCherney,-247,9,4326,1,1,1,111
Natalie Fritzler,-195,7,8321,3,2,1,321
Natalie Webber,-102,7,7234,3,2,1,321
Nathan Cano,-233,6,2218,2,3,3,233
Nathan Gelder,-226,5,1396,2,4,3,243
Nathan Mautz,-114,7,6460,3,2,1,321
Neil Ducich,-91,6,2894,3,3,2,332
Neil Franz�sisch,251,4,377,4,4,4,444
Neil Knudson,-204,7,572,2,2,4,224
Neola Schneider,-268,4,2576,1,4,2,142
Neoma Murray,-30,10,2163,4,1,3,413
Nick Crebassa,-268,7,8241,1,2,1,121
Nick Radford,-64,5,2368,4,4,2,442
Nick Zandusky,-189,9,2488,3,1,2,312
Nicole Brennan,892,2,274,4,4,4,444
Nicole Fjeld,-160,7,2031,3,2,3,323
Nicole Hansen,-85,7,2673,4,2,2,422
Noah Childs,-70,5,1821,4,4,3,443
Noel Staavos,-100,13,2965,3,1,2,312
Nona Balk,-255,9,1971,1,1,3,113
Nora Paige,-216,5,3909,2,4,1,241
Nora Pelletier,132,6,1229,4,3,3,433
Nora Preis,-136,7,7903,3,2,1,321
Odella Nelson,136,9,1567,4,1,3,413
Olvera Toch,-209,5,3819,2,4,1,241
Pamela Coakley,-272,4,1832,1,4,3,143
Pamela Stobb,-167,6,2182,3,3,3,333
Parhena Norris,-244,8,1467,1,2,3,123
Patricia Hirasaki,-204,1,730,2,4,4,244
Patrick Bzostek,-249,3,740,1,4,4,144
Patrick Gardner,-238,13,3087,2,1,2,212
Patrick Jones,-235,8,1219,2,2,3,223
Patrick O'Brill,-270,11,7474,1,1,1,111
Patrick O'Donnell,-274,7,2494,1,2,2,122
Patrick Ryan,-238,5,1840,2,4,3,243
Paul Gonzalez,-217,9,1988,2,1,3,213
Paul Knutson,209,2,1441,4,4,3,443
Paul Lucas,-259,5,240,1,4,4,144
Paul MacIntyre,112,3,1406,4,4,3,443
Paul Prost,-177,10,7254,3,1,1,311
Paul Stevenson,-205,8,1278,2,2,3,223
Paul Van Hugh,-185,5,2876,3,4,2,342
Pauline Chand,608,2,1062,4,4,4,444
Pauline Johnson,-140,7,1824,3,2,3,323
Pauline Webber,-228,10,3455,2,1,2,212
Penelope Sewall,-38,7,6843,4,2,1,421
Pete Armstrong,-171,6,730,3,3,4,334
Pete Kriz,-265,12,8647,1,1,1,111
Pete Takahito,-203,4,160,2,4,4,244
Peter B�hler,-217,4,689,2,4,4,244
Peter Fuller,561,4,9063,4,4,1,441
Peter McVee,-223,4,4115,2,4,1,241
Philip Brown,-177,8,1456,3,2,3,323
Philip Fox,-78,6,2770,4,3,2,432
Philisse Overcash,-114,9,4893,3,1,1,311
Phillina Ober,-188,5,1056,3,4,4,344
Phillip Breyer,414,2,133,4,4,4,444
Phillip Flathmann,-160,5,2207,3,4,3,343
Pierre Wener,190,7,3922,4,2,1,421
Quincy Jones,-249,9,6109,1,1,1,111
Rachel Payne,222,4,954,4,4,4,444
Ralph Arnett,-269,9,2618,1,1,2,112
Ralph Kennedy,-155,3,1460,3,4,3,343
Ralph Ritter,-255,2,616,1,4,4,144
Randy Bradley,-206,2,1008,2,4,4,244
Randy Ferguson,116,8,3310,4,2,2,422
Raymond Buch,-178,6,15117,3,3,1,331
Raymond Messe,71,6,1453,4,3,3,433
Resi P�lking,-241,12,5154,2,1,1,211
Ricardo Emerson,824,1,48,4,4,4,444
Ricardo Sperren,-198,5,3221,3,4,2,342
Richard Bierner,-255,8,2664,1,2,2,122
Richard Eichhorn,28,5,877,4,4,4,444
Rick Bensley,-265,12,4716,1,1,1,111
Rick Duston,-202,8,4272,2,2,1,221
Rick Hansen,-242,5,3622,2,4,2,242
Rick Huthwaite,193,6,6978,4,3,1,431
Rick Reed,-104,6,3301,3,3,2,332
Rick Wilson,-154,7,7398,3,2,1,321
Ritsa Hightower,245,2,740,4,4,4,444
Rob Beeghly,-249,5,529,1,4,4,144
Rob Dowd,-94,10,2914,3,1,2,312
Rob Haberlin,260,3,2086,4,4,3,443
Rob Lucas,-153,8,6236,3,2,1,321
Rob Williams,-185,9,3279,3,1,2,312
Robert Barroso,374,5,222,4,4,4,444
Robert Dilbeck,-160,5,2787,3,4,2,342
Robert Marley,-268,5,5979,1,4,1,141
Robert Waldorf,-195,5,3496,3,4,2,342
Roger Barcio,-220,4,2068,2,4,3,243
Roger Demir,-253,10,1420,1,1,3,113
Roland Fjeld,-185,7,2342,3,2,2,322
Roland Murray,25,1,98,4,4,4,444
Roland Schwarz,-238,8,4160,2,2,1,221
Rose O'Brian,-239,7,3816,2,2,1,221
Ross Baird,-242,8,5633,2,2,1,221
Ross DeVincentis,-260,8,1136,1,2,4,124
Roy Collins,95,6,967,4,3,4,434
Roy Franz�sisch,-268,8,945,1,2,4,124
Roy Phan,-246,8,2170,1,2,3,123
Roy Skaria,-255,2,23,1,4,4,144
Ruben Ausman,-231,7,3833,2,2,1,221
Ruben Dartt,-160,9,3134,3,1,2,312
Russell Applegate,-262,9,4793,1,1,1,111
Russell D'Ascenzo,-232,4,971,2,4,4,244
Ryan Akin,-213,5,1686,2,4,3,243
Ryan Crowe,-164,6,887,3,3,4,334
Sally Hughsby,-245,13,3408,1,1,2,112
Sally Knutson,-266,3,884,1,4,4,144
Sally Matthias,147,4,244,4,4,4,444
Sam Craven,507,5,3364,4,4,2,442
Sam Zeldin,-239,11,3627,2,1,2,212
Sample Company A,-234,9,4625,2,1,1,211
Sandra Flanagan,-215,7,764,2,2,4,224
Sandra Glassco,-266,3,3406,1,4,2,142
Sanjit Chand,75,9,14143,4,1,1,411
Sanjit Engle,-265,11,12210,1,1,1,111
Sanjit Jacobs,-179,12,3949,3,1,1,311
Saphhira Shifley,-259,8,1324,1,2,3,123
Sara Luxemburg,-204,7,3053,2,2,2,222
Sarah Bern,-73,3,1349,4,4,3,443
Sarah Brown,-86,6,6412,4,3,1,431
Sarah Foster,-215,9,3424,2,1,2,212
Sarah Jordon,-245,6,1341,1,3,3,133
Scot Coram,-125,4,4372,3,4,1,341
Scot Wooten,-193,7,1085,3,2,4,324
Scott Cohen,-87,8,3730,4,2,2,422
Scott Williamson,-244,6,1966,1,3,3,133
Sean Braxton,-227,7,8058,2,2,1,221
Sean Christensen,-245,7,3980,1,2,1,121
Sean Miller,-195,5,25042,3,4,1,341
Sean O'Donnell,-245,6,2603,1,3,2,132
Sean Wendt,-112,3,1019,3,4,4,344
Seth Vernon,-173,10,11471,3,1,1,311
Shahid Collister,-244,9,5993,1,1,1,111
Shahid Hopkins,-251,10,2181,1,1,3,113
Shahid Shariari,-164,6,3057,3,3,2,332
Sharelle Roach,-266,5,3233,1,4,2,142
Shaun Chance,-238,7,1875,2,2,3,223
Shaun Weien,-112,7,2923,3,2,2,322
Sheri Gordon,-91,8,1885,3,2,3,323
Shirley Daniels,-74,9,6122,4,1,1,411
Shirley Jackson,-21,5,1319,4,4,3,443
Shirley Schmidt,217,3,613,4,4,4,444
Shui Tom,-149,7,432,3,2,4,324
Sibella Parks,53,6,1307,4,3,3,433
Skye Norling,-163,6,1860,3,3,3,333
Sonia Cooley,-182,5,902,3,4,4,344
Sonia Sunley,158,6,418,4,3,4,434
Speros Goranitis,-166,6,3125,3,3,2,332
Stefania Perrino,-227,9,5442,2,1,1,211
Stefanie Holloman,491,2,2096,4,4,3,443
Stephanie Phelps,112,9,1873,4,1,3,413
Stephanie Ulpright,-254,7,2595,1,2,2,122
Steve Carroll,-148,6,1255,3,3,3,333
Steve Chapman,-185,10,2578,3,1,2,312
Steve Nguyen,-195,7,3129,3,2,2,322
Steven Cartwright,-87,11,5225,4,1,1,411
Steven Roelle,-78,8,4346,4,2,1,421
Steven Ward,260,2,759,4,4,4,444
Stewart Carmichael,-233,7,4493,2,2,1,221
Stewart Visinsky,46,9,4104,4,1,1,411
Stuart Calhoun,-244,4,278,1,4,4,144
Stuart Van,-198,4,1271,3,4,3,343
Sue Ann Reed,-211,10,4766,2,1,1,211
Sung Chung,-143,2,281,3,4,4,344
Sung Pak,-195,10,4283,3,1,1,311
Sung Shariari,-154,5,965,3,4,4,344
Susan Gilcrest,-48,3,49,4,4,4,444
Susan MacKendrick,332,1,1043,4,4,4,444
Susan Pistek,-204,6,3991,2,3,1,231
Susan Vittorini,-272,8,1904,1,2,3,123
Suzanne McNair,-249,12,5565,1,1,1,111
Sylvia Foulston,-226,9,3336,2,1,2,212
Tamara Chand,125,5,19052,4,4,1,441
Tamara Dahlen,-237,9,1435,2,1,3,213
Tamara Manning,-171,8,2955,3,2,2,322
Tamara Willingham,-210,7,5279,2,2,1,221
Tanja Norvell,-184,7,3130,3,2,2,322
Ted Butterfield,-155,5,1469,3,4,3,343
Ted Trevino,-243,7,4915,2,2,1,221
Thais Sissman,83,2,5,4,4,4,444
Thea Hendricks,70,5,2424,4,4,2,442
Thea Hudgings,-216,4,2943,2,4,2,242
Theone Pippenger,-266,9,4455,1,1,1,111
Theresa Coyne,-168,1,1038,3,4,4,344
Theresa Swint,230,6,2163,4,3,3,433
Thomas Boland,-216,4,3589,2,4,2,242
Thomas Brumley,-225,4,816,2,4,4,244
Thomas Seio,-76,7,5372,4,2,1,421
Thomas Thornton,-91,8,1428,3,2,3,323
Tiffany House,-157,8,1021,3,2,4,324
Tim Brockman,75,7,1603,4,2,3,423
Tim Taslimi,132,3,439,4,4,4,444
Toby Braunhardt,309,6,2197,4,3,3,433
Toby Carlisle,-247,8,4266,1,2,1,121
Toby Gnade,63,5,3059,4,4,2,442
Toby Ritter,-81,5,676,4,4,4,444
Toby Swindell,-48,5,976,4,4,4,444
Todd Boyes,-128,5,834,3,4,4,344
Todd Sumrall,-238,6,11892,2,3,1,231
Tom Ashbrook,-205,4,14595,2,4,1,241
Tom Boeckenhauer,-72,7,9133,4,2,1,421
Tom Prescott,-170,5,5330,3,4,1,341
Tom Stivers,-102,5,2054,3,4,3,343
Tonja Turnell,-262,7,5365,1,2,1,121
Tony Chapman,-121,9,1244,3,1,3,313
Tony Molinari,-144,3,1095,3,4,4,344
Tony Sayre,-263,6,2243,1,3,3,133
Tracy Blumstein,-167,9,4737,3,1,1,311
Tracy Collins,-270,7,743,1,2,4,124
Tracy Hopkins,-202,7,4233,2,2,1,221
Tracy Poddar,76,4,1937,4,4,3,443
Tracy Zic,-239,4,1707,2,4,3,243
Troy Blackwell,11,5,1387,4,4,3,443
Troy Staebel,-219,7,2821,2,2,2,222
Trudy Brown,-244,9,2798,1,1,2,112
Trudy Glocke,-160,4,2075,3,4,3,343
Trudy Schmidt,-36,5,3368,4,4,2,442
Valerie Dominguez,307,6,6442,4,3,1,431
Valerie Mitchum,-220,7,2455,2,2,2,222
Valerie Takahito,726,2,1736,4,4,3,443
Vicky Freymann,-261,5,849,1,4,4,144
Victor Preis,-244,3,994,1,4,4,144
Victoria Brennan,-220,6,2006,2,3,3,233
Victoria Pisteka,-199,7,3361,2,2,2,222
Victoria Wilson,-246,10,6134,1,1,1,111
Vivek Gonzalez,-120,6,846,3,3,4,334
Vivek Grady,12,5,427,4,4,4,444
Vivek Sundaresam,-53,4,1055,4,4,4,444
Vivian Mathis,-157,5,381,3,4,4,344
William Brown,-254,11,6159,1,1,1,111
Xylona Preis,-231,11,2375,2,1,2,212
Yana Sorensen,-265,8,6721,1,2,1,121
Yoseph Carroll,-270,5,5455,1,4,1,141
Zuschuss Carroll,-220,13,8027,2,1,1,211
Zuschuss Donatelli,-72,5,1494,4,4,3,443
